{
  "title": "About Us - Skillsphere",
  "header": {
    "logo": {
      "src": "logo.png",
      "alt": "Skillsphere Logo"
    },
    "navigation": [
      {
        "link": "web.html",
        "text": "Home"
      },
      {
        "link": "course.html",
        "text": "Courses"
      },
      {
        "link": "contactus.html",
        "text": "Contact Us"
      }
    ]
  },
  "hero": {
    "heading": "About Skillsphere",
    "description": "Discover our journey and mission to empower learners worldwide."
  },
  "about": {
    "heading": "Who We Are",
    "content": "Skillsphere is a platform dedicated to bridging the gap between ambition and achievement. With a wide array of courses and personalized learning paths, we aim to empower individuals to realize their full potential. Our mission is to provide top-quality education and skill-building opportunities to people of all backgrounds and ages, helping them succeed in a constantly changing world.",
    "team": [
      {
        "name": "Likith",
        "image": {
          "src": "likith.jpg",
          "alt": "Likith"
        }
      },
      {
        "name": "Abhiram",
        "image": {
          "src": "abhiram.jpg",
          "alt": "Abhiram"
        }
      },
      {
        "name": "Krish",
        "image": {
          "src": "krish.jpg",
          "alt": "Krish"
        }
      }
    ]
  },
  "vision": {
    "heading": "Our Vision",
    "content": "We envision a world where everyone has access to the tools they need to succeed. By fostering a love for learning, we aim to shape the leaders and innovators of tomorrow. We believe in the power of education to unlock unlimited potential, and our vision is to help every individual achieve their personal and professional goals."
  },
  "footer": {
    "copyright": "© 2024 Skillsphere. All rights reserved.",
    "privacy-policy-link": "privacy-policy.html"
  }
}
