{
    "topics": [
        { "text": "Introduction to C++", "link": "C++_intro.html" },
        { "text": "Variables and Data Types", "link": "C++_data.html" },
        { "text": "Control Structures", "link": "C++_control.html" },
        { "text": "Functions", "link": "C++_functions.html" },
        { "text": "Classes and Objects", "link": "C++_class.html" },
        { "text": "Pointers and References", "link": "C++_pointers.html" },
        { "text": "Advanced Topics", "link": "C++_advance.html" }
    ]
}
