{
    "title": "Contact Us - Skillsphere",
    "header": {
      "logo": {
        "src": "logo.png",
        "alt": "Skillsphere Logo"
      },
      "navigation": [
        {
          "link": "web.html",
          "text": "Home"
        },
        {
          "link": "course.html",
          "text": "Courses"
        },
        {
          "link": "aboutus.html",
          "text": "About Us"
        }
      ]
    },
    "hero": {
      "heading": "Get in Touch",
      "description": "We’re here to help! Reach out with your questions, feedback, or suggestions."
    },
    "form": {
      "labels": {
        "name": "Name:",
        "contact": "Contact No.:",
        "query": "Query:"
      },
      "placeholders": {
        "name": "Enter your name",
        "contact": "Enter your contact number",
        "query": "Enter your query"
      },
      "submitButton": "Submit"
    },
    "footer": {
      "copyright": "&copy; 2024 Skillsphere.",
      "privacy-policy-link": "privacy-policy.html"
    }
  }
  