{
  "courses": [
    {
      "id": "cplusplus",
      "name": "C++",
      "image": "C++.jpg",
      "link": "C++.html"
    },
    {
      "id": "c",
      "name": "C",
      "image": "c.jpg",
      "link": "C.html"
    },
    {
      "id": "java",
      "name": "Java",
      "image": "java.jpg",
      "link": "java.html"
    },
    {
      "id": "data-science",
      "name": "Data Science",
      "image": "data-science.jpg",
      "link": "data-science.html"
    },
    {
      "id": "web",
      "name": "Web Development",
      "image": "web.jpg",
      "link": "Web1.html"
    },
    {
      "id": "app",
      "name": "App Development",
      "image": "app.jpg",
      "link": "app.html"
    },
    {
      "id": "python",
      "name": "Python",
      "image": "python.jpg",
      "link": "python.html"
    },
    {
      "id": "cybersecurity",
      "name": "Cyber Security",
      "image": "cyber-security.jpg",
      "link": "cyber-security.html"
    }
  ]
}
