    {
        "title": "Create Your Account",
        "styles": {
        "body": {
            "backgroundImage": "url('path/to/your/background-image.jpg')",
            "backgroundSize": "cover",
            "backgroundPosition": "center",
            "backgroundRepeat": "no-repeat",
            "display": "flex",
            "justifyContent": "center",
            "alignItems": "center",
            "height": "100vh",
            "margin": "0",
            "fontFamily": "'Segoe UI', Tahoma, Geneva, Verdana, sans-serif"
        },
        ".container": {
            "backgroundColor": "rgba(255, 255, 255, 0.95)",
            "padding": "40px 30px",
            "borderRadius": "15px",
            "boxShadow": "0 8px 30px rgba(0, 0, 0, 0.2)",
            "width": "400px",
            "textAlign": "center",
            "animation": "fadeIn 1s ease-in-out"
        }
        },
        "structure": {
        "container": {
            "tag": "div",
            "class": "container",
            "children": [
            {
                "tag": "h2",
                "text": "Create Your Account"
            },
            {
                "tag": "form",
                "children": [
                {
                    "tag": "input",
                    "attributes": {
                    "type": "text",
                    "placeholder": "Enter your username",
                    "required": true
                    }
                },
                {
                    "tag": "input",
                    "attributes": {
                    "type": "password",
                    "placeholder": "Enter your password",
                    "required": true
                    }
                },
                {
                    "tag": "button",
                    "attributes": {
                    "type": "submit"
                    },
                    "text": "Sign Up"
                }
                ]
            },
            {
                "tag": "a",
                "attributes": {
                "href": "web.html",
                "class": "back-home"
                },
                "text": "Back to Home"
            }
            ]
        }
        }
    }
    