{
  "title": "Skillsphere - Explore Courses",
  "header": {
    "logo": {
      "src": "logo.png",
      "alt": "Skillsphere Logo"
    },
    "search-bar": {
      "placeholder": "Search...",
      "button": "&#x1F50D;"
    },
    "navigation": [
      {
        "link": "contactus.html",
        "text": "Contact Us"
      },
      {
        "link": "aboutus.html",
        "text": "About Us"
      },
      {
        "link": "login.html",
        "text": "Log In",
        "class": "login-button"
      },
      {
        "link": "signup.html",
        "text": "Sign Up",
        "class": "signup-button"
      }
    ]
  },
  "hero": {
    "heading": "Explore Courses"
  },
  "cta": {
    "text": "Find the right course for you and take the next step in your learning journey with Skillsphere.",
    "button": {
      "text": "Explore Courses",
      "link": "course.html"
    }
  },
  "footer": {
    "copyright": "&copy; 2024 Skillsphere. All Rights Reserved.",
    "privacy-policy-link": "privacy-policy.html"
  }
}
